name,private,archived,default_branch,language,stars,forks,open_issues,has_wiki,has_projects,has_pages,pushed_at,updated_at,url,score,tier
agent-infra-smart-quick-controller-run-mlw,false,false,main,JavaScript,0,0,0,true,true,false,2026-02-21T18:40:11Z,2026-02-21T18:40:15Z,https://github.com/yksanjo/agent-infra-smart-quick-controller-run-mlw,75,high
agent-infra-ultra-bridge-resolver-build-sxg,false,false,main,JavaScript,0,0,0,true,true,false,2026-02-21T18:40:10Z,2026-02-21T18:40:13Z,https://github.com/yksanjo/agent-infra-ultra-bridge-resolver-build-sxg,75,high
agent-infra-edge-node-connector-data-ag2,false,false,main,JavaScript,0,0,0,true,true,false,2026-02-21T18:40:08Z,2026-02-21T18:40:11Z,https://github.com/yksanjo/agent-infra-edge-node-connector-data-ag2,75,high
agent-infra-synth-gate-manager-edge-jvd,false,false,main,JavaScript,0,0,0,true,true,false,2026-02-21T18:40:06Z,2026-02-21T18:40:10Z,https://github.com/yksanjo/agent-infra-synth-gate-manager-edge-jvd,75,high
agent-infra-ultra-core-engine-realtime-mrt,false,false,main,JavaScript,0,0,0,true,true,false,2026-02-21T18:40:05Z,2026-02-21T18:40:08Z,https://github.com/yksanjo/agent-infra-ultra-core-engine-realtime-mrt,75,high
agent-infra-hyper-mesh-orchestrator-ops-fn5,false,false,main,JavaScript,0,0,0,true,true,false,2026-02-21T18:40:03Z,2026-02-21T18:40:06Z,https://github.com/yksanjo/agent-infra-hyper-mesh-orchestrator-ops-fn5,75,high
agent-infra-micro-quick-resolver-web-0nw,false,false,main,JavaScript,0,0,0,true,true,false,2026-02-21T18:40:01Z,2026-02-21T18:40:05Z,https://github.com/yksanjo/agent-infra-micro-quick-resolver-web-0nw,75,high
agent-infra-cyber-mesh-optimizer-web-tdx,false,false,main,JavaScript,0,0,0,true,true,false,2026-02-21T18:40:00Z,2026-02-21T18:40:03Z,https://github.com/yksanjo/agent-infra-cyber-mesh-optimizer-web-tdx,75,high
agent-infra-macro-wave-controller-stream-9v8,false,false,main,JavaScript,0,0,0,true,true,false,2026-02-21T18:39:58Z,2026-02-21T18:40:02Z,https://github.com/yksanjo/agent-infra-macro-wave-controller-stream-9v8,75,high
agent-infra-tech-port-engine-ai-ktf,false,false,main,JavaScript,0,0,0,true,true,false,2026-02-21T18:39:57Z,2026-02-21T18:40:00Z,https://github.com/yksanjo/agent-infra-tech-port-engine-ai-ktf,75,high
agent-infra-micro-port-framework-web-jel,false,false,main,JavaScript,0,0,0,true,true,false,2026-02-21T18:39:50Z,2026-02-21T18:39:53Z,https://github.com/yksanjo/agent-infra-micro-port-framework-web-jel,75,high
agent-infra-edge-chain-system-secure-uxi,false,false,main,JavaScript,0,0,0,true,true,false,2026-02-21T18:39:48Z,2026-02-21T18:39:52Z,https://github.com/yksanjo/agent-infra-edge-chain-system-secure-uxi,75,high
agent-infra-mega-batch-processor-secure-gt7,false,false,main,JavaScript,0,0,0,true,true,false,2026-02-21T18:39:46Z,2026-02-21T18:39:50Z,https://github.com/yksanjo/agent-infra-mega-batch-processor-secure-gt7,75,high
agent-infra-neuro-sync-system-batch-wz9,false,false,main,JavaScript,0,0,0,true,true,false,2026-02-21T18:39:45Z,2026-02-21T18:39:48Z,https://github.com/yksanjo/agent-infra-neuro-sync-system-batch-wz9,75,high
agent-infra-nano-port-framework-run-pqk,false,false,main,JavaScript,0,0,0,true,true,false,2026-02-21T18:39:43Z,2026-02-21T18:39:46Z,https://github.com/yksanjo/agent-infra-nano-port-framework-run-pqk,75,high
agent-infra-meta-sync-worker-data-rwp,false,false,main,JavaScript,0,0,0,true,true,false,2026-02-21T18:39:41Z,2026-02-21T18:39:44Z,https://github.com/yksanjo/agent-infra-meta-sync-worker-data-rwp,75,high
agent-infra-synth-chain-handler-build-zqp,false,false,main,JavaScript,0,0,0,true,true,false,2026-02-21T18:39:39Z,2026-02-21T18:39:43Z,https://github.com/yksanjo/agent-infra-synth-chain-handler-build-zqp,75,high
agent-infra-ultra-node-worker-mobile-8qy,false,false,main,JavaScript,0,0,0,true,true,false,2026-02-21T18:39:38Z,2026-02-21T18:39:41Z,https://github.com/yksanjo/agent-infra-ultra-node-worker-mobile-8qy,75,high
agent-infra-micro-link-builder-build-gfd,false,false,main,JavaScript,0,0,0,true,true,false,2026-02-21T18:39:36Z,2026-02-21T18:39:40Z,https://github.com/yksanjo/agent-infra-micro-link-builder-build-gfd,75,high
agent-infra-micro-chain-framework-ai-e68,false,false,main,JavaScript,0,0,0,true,true,false,2026-02-21T18:39:33Z,2026-02-21T18:39:36Z,https://github.com/yksanjo/agent-infra-micro-chain-framework-ai-e68,75,high
agent-infra-cognitive-stream-orchestrator-iot-536,false,false,main,JavaScript,0,0,0,true,true,false,2026-02-21T18:39:26Z,2026-02-21T18:39:30Z,https://github.com/yksanjo/agent-infra-cognitive-stream-orchestrator-iot-536,75,high
agent-infra-deep-bridge-framework-run-2hy,false,false,main,JavaScript,0,0,0,true,true,false,2026-02-21T18:39:25Z,2026-02-21T18:39:28Z,https://github.com/yksanjo/agent-infra-deep-bridge-framework-run-2hy,75,high
agent-infra-meta-port-monitor-ml-gc5,false,false,main,JavaScript,0,0,0,true,true,false,2026-02-21T18:39:23Z,2026-02-21T18:39:27Z,https://github.com/yksanjo/agent-infra-meta-port-monitor-ml-gc5,75,high
agent-infra-omni-link-scanner-test-7xm,false,false,main,JavaScript,0,0,0,true,true,false,2026-02-21T18:39:21Z,2026-02-21T18:39:25Z,https://github.com/yksanjo/agent-infra-omni-link-scanner-test-7xm,75,high
agent-infra-nano-gate-runner-edge-mjk,false,false,main,JavaScript,0,0,0,true,true,false,2026-02-21T18:39:20Z,2026-02-21T18:39:23Z,https://github.com/yksanjo/agent-infra-nano-gate-runner-edge-mjk,75,high
agent-infra-auto-wave-framework-edge-vvj,false,false,main,JavaScript,0,0,0,true,true,false,2026-02-21T18:39:18Z,2026-02-21T18:39:21Z,https://github.com/yksanjo/agent-infra-auto-wave-framework-edge-vvj,75,high
agent-infra-macro-batch-toolkit-data-tvf,false,false,main,JavaScript,0,0,0,true,true,false,2026-02-21T18:39:16Z,2026-02-21T18:39:19Z,https://github.com/yksanjo/agent-infra-macro-batch-toolkit-data-tvf,75,high
agent-infra-macro-link-platform-ops-p7r,false,false,main,JavaScript,0,0,0,true,true,false,2026-02-21T18:39:15Z,2026-02-21T18:39:18Z,https://github.com/yksanjo/agent-infra-macro-link-platform-ops-p7r,75,high
agent-infra-data-real-manager-cloud-ob6,false,false,main,JavaScript,0,0,0,true,true,false,2026-02-21T18:39:13Z,2026-02-21T18:39:16Z,https://github.com/yksanjo/agent-infra-data-real-manager-cloud-ob6,75,high
agent-infra-synth-edge-framework-build-9fb,false,false,main,JavaScript,0,0,0,true,true,false,2026-02-21T18:39:11Z,2026-02-21T18:39:14Z,https://github.com/yksanjo/agent-infra-synth-edge-framework-build-9fb,75,high
agent-infra-ultra-wave-handler-test-hed,false,false,main,JavaScript,0,0,0,true,true,false,2026-02-21T18:39:03Z,2026-02-21T18:39:08Z,https://github.com/yksanjo/agent-infra-ultra-wave-handler-test-hed,75,high
agent-infra-cloud-edge-connector-api-hms,false,false,main,JavaScript,0,0,0,true,true,false,2026-02-21T18:39:05Z,2026-02-21T18:39:08Z,https://github.com/yksanjo/agent-infra-cloud-edge-connector-api-hms,75,high
agent-infra-cloud-edge-analyzer-scale-r8f,false,false,main,JavaScript,0,0,0,true,true,false,2026-02-21T18:39:01Z,2026-02-21T18:39:05Z,https://github.com/yksanjo/agent-infra-cloud-edge-analyzer-scale-r8f,75,high
agent-infra-quantum-flux-runner-ml-pbu,false,false,main,JavaScript,0,0,0,true,true,false,2026-02-21T18:39:00Z,2026-02-21T18:39:03Z,https://github.com/yksanjo/agent-infra-quantum-flux-runner-ml-pbu,75,high
agent-infra-meta-sync-platform-realtime-3pe,false,false,main,JavaScript,0,0,0,true,true,false,2026-02-21T18:38:58Z,2026-02-21T18:39:02Z,https://github.com/yksanjo/agent-infra-meta-sync-platform-realtime-3pe,75,high
agent-infra-data-wave-connector-stream-j9w,false,false,main,JavaScript,0,0,0,true,true,false,2026-02-21T18:38:57Z,2026-02-21T18:39:00Z,https://github.com/yksanjo/agent-infra-data-wave-connector-stream-j9w,75,high
agent-infra-deep-gate-optimizer-web-219,false,false,main,JavaScript,0,0,0,true,true,false,2026-02-21T18:38:55Z,2026-02-21T18:38:59Z,https://github.com/yksanjo/agent-infra-deep-gate-optimizer-web-219,75,high
agent-infra-auto-spark-controller-ml-ub4,false,false,main,JavaScript,0,0,0,true,true,false,2026-02-21T18:38:54Z,2026-02-21T18:38:57Z,https://github.com/yksanjo/agent-infra-auto-spark-controller-ml-ub4,75,high
agent-infra-omni-chain-resolver-dev-ixe,false,false,main,JavaScript,0,0,0,true,true,false,2026-02-21T18:38:52Z,2026-02-21T18:38:56Z,https://github.com/yksanjo/agent-infra-omni-chain-resolver-dev-ixe,75,high
agent-infra-quantum-bridge-scanner-api-pgp,false,false,main,JavaScript,0,0,0,true,true,false,2026-02-21T18:38:51Z,2026-02-21T18:38:54Z,https://github.com/yksanjo/agent-infra-quantum-bridge-scanner-api-pgp,75,high
agent-infra-micro-node-connector-ops-93n,false,false,main,JavaScript,0,0,0,true,true,false,2026-02-21T18:38:44Z,2026-02-21T18:38:48Z,https://github.com/yksanjo/agent-infra-micro-node-connector-ops-93n,75,high
agent-infra-smart-chain-builder-web-yed,false,false,main,JavaScript,0,0,0,true,true,false,2026-02-21T18:38:42Z,2026-02-21T18:38:45Z,https://github.com/yksanjo/agent-infra-smart-chain-builder-web-yed,75,high
agent-infra-ultra-wave-optimizer-ops-1m3,false,false,main,JavaScript,0,0,0,true,true,false,2026-02-21T18:38:40Z,2026-02-21T18:38:44Z,https://github.com/yksanjo/agent-infra-ultra-wave-optimizer-ops-1m3,75,high
agent-infra-edge-real-engine-deploy-aun,false,false,main,JavaScript,0,0,0,true,true,false,2026-02-21T18:38:39Z,2026-02-21T18:38:42Z,https://github.com/yksanjo/agent-infra-edge-real-engine-deploy-aun,75,high
agent-infra-data-core-builder-mobile-cez,false,false,main,JavaScript,0,0,0,true,true,false,2026-02-21T18:38:37Z,2026-02-21T18:38:40Z,https://github.com/yksanjo/agent-infra-data-core-builder-mobile-cez,75,high
agent-infra-hyper-wave-runner-secure-0th,false,false,main,JavaScript,0,0,0,true,true,false,2026-02-21T18:38:35Z,2026-02-21T18:38:39Z,https://github.com/yksanjo/agent-infra-hyper-wave-runner-secure-0th,75,high
agent-infra-deep-batch-manager-data-jcu,false,false,main,JavaScript,0,0,0,true,true,false,2026-02-21T18:38:33Z,2026-02-21T18:38:37Z,https://github.com/yksanjo/agent-infra-deep-batch-manager-data-jcu,75,high
agent-infra-quantum-chain-connector-batch-cmj,false,false,main,JavaScript,0,0,0,true,true,false,2026-02-21T18:38:32Z,2026-02-21T18:38:35Z,https://github.com/yksanjo/agent-infra-quantum-chain-connector-batch-cmj,75,high
agent-infra-tech-flux-builder-test-z2x,false,false,main,JavaScript,0,0,0,true,true,false,2026-02-21T18:38:30Z,2026-02-21T18:38:33Z,https://github.com/yksanjo/agent-infra-tech-flux-builder-test-z2x,75,high
agent-infra-smart-wave-platform-test-b7b,false,false,main,JavaScript,0,0,0,true,true,false,2026-02-21T18:38:28Z,2026-02-21T18:38:32Z,https://github.com/yksanjo/agent-infra-smart-wave-platform-test-b7b,75,high
agent-infra-edge-wave-service-build-2ng,false,false,main,JavaScript,0,0,0,true,true,false,2026-02-21T18:38:21Z,2026-02-21T18:38:25Z,https://github.com/yksanjo/agent-infra-edge-wave-service-build-2ng,75,high
agent-infra-hyper-core-controller-edge-0fe,false,false,main,JavaScript,0,0,0,true,true,false,2026-02-21T18:38:20Z,2026-02-21T18:38:23Z,https://github.com/yksanjo/agent-infra-hyper-core-controller-edge-0fe,75,high
agent-infra-tech-bridge-analyzer-secure-joe,false,false,main,JavaScript,0,0,0,true,true,false,2026-02-21T18:38:18Z,2026-02-21T18:38:22Z,https://github.com/yksanjo/agent-infra-tech-bridge-analyzer-secure-joe,75,high
agent-infra-neuro-pulse-controller-ops-mcs,false,false,main,JavaScript,0,0,0,true,true,false,2026-02-21T18:38:17Z,2026-02-21T18:38:20Z,https://github.com/yksanjo/agent-infra-neuro-pulse-controller-ops-mcs,75,high
agent-infra-micro-flux-optimizer-ai-v95,false,false,main,JavaScript,0,0,0,true,true,false,2026-02-21T18:38:15Z,2026-02-21T18:38:19Z,https://github.com/yksanjo/agent-infra-micro-flux-optimizer-ai-v95,75,high
agent-infra-quantum-link-controller-build-5n4,false,false,main,JavaScript,0,0,0,true,true,false,2026-02-21T18:38:14Z,2026-02-21T18:38:17Z,https://github.com/yksanjo/agent-infra-quantum-link-controller-build-5n4,75,high
agent-infra-micro-stream-framework-test-qgi,false,false,main,JavaScript,0,0,0,true,true,false,2026-02-21T18:38:12Z,2026-02-21T18:38:15Z,https://github.com/yksanjo/agent-infra-micro-stream-framework-test-qgi,75,high
agent-infra-cloud-spark-optimizer-ops-9f8,false,false,main,JavaScript,0,0,0,true,true,false,2026-02-21T18:38:10Z,2026-02-21T18:38:13Z,https://github.com/yksanjo/agent-infra-cloud-spark-optimizer-ops-9f8,75,high
agent-infra-micro-link-builder-ml-cp6,false,false,main,JavaScript,0,0,0,true,true,false,2026-02-21T18:38:09Z,2026-02-21T18:38:12Z,https://github.com/yksanjo/agent-infra-micro-link-builder-ml-cp6,75,high
agent-infra-quantum-bridge-processor-iot-ad5,false,false,main,JavaScript,0,0,0,true,true,false,2026-02-21T18:38:07Z,2026-02-21T18:38:10Z,https://github.com/yksanjo/agent-infra-quantum-bridge-processor-iot-ad5,75,high
agent-infra-tech-port-worker-ml-6sg,false,false,main,JavaScript,0,0,0,true,true,false,2026-02-21T18:38:00Z,2026-02-21T18:38:04Z,https://github.com/yksanjo/agent-infra-tech-port-worker-ml-6sg,75,high
agent-infra-micro-link-platform-api-azb,false,false,main,JavaScript,0,0,0,true,true,false,2026-02-21T18:37:59Z,2026-02-21T18:38:02Z,https://github.com/yksanjo/agent-infra-micro-link-platform-api-azb,75,high
agent-infra-nano-fast-monitor-api-znb,false,false,main,JavaScript,0,0,0,true,true,false,2026-02-21T18:37:57Z,2026-02-21T18:38:00Z,https://github.com/yksanjo/agent-infra-nano-fast-monitor-api-znb,75,high
agent-infra-tech-fast-scanner-batch-hc9,false,false,main,JavaScript,0,0,0,true,true,false,2026-02-21T18:37:55Z,2026-02-21T18:37:58Z,https://github.com/yksanjo/agent-infra-tech-fast-scanner-batch-hc9,75,high
agent-infra-smart-gate-framework-ml-vac,false,false,main,JavaScript,0,0,0,true,true,false,2026-02-21T18:37:54Z,2026-02-21T18:37:57Z,https://github.com/yksanjo/agent-infra-smart-gate-framework-ml-vac,75,high
agent-infra-tech-gate-platform-realtime-mys,false,false,main,JavaScript,0,0,0,true,true,false,2026-02-21T18:37:52Z,2026-02-21T18:37:55Z,https://github.com/yksanjo/agent-infra-tech-gate-platform-realtime-mys,75,high
agent-infra-hyper-spark-controller-realtime-u23,false,false,main,JavaScript,0,0,0,true,true,false,2026-02-21T18:37:51Z,2026-02-21T18:37:54Z,https://github.com/yksanjo/agent-infra-hyper-spark-controller-realtime-u23,75,high
agent-infra-meta-stream-service-ml-d3a,false,false,main,JavaScript,0,0,0,true,true,false,2026-02-21T18:37:49Z,2026-02-21T18:37:52Z,https://github.com/yksanjo/agent-infra-meta-stream-service-ml-d3a,75,high
agent-infra-data-node-system-deploy-cct,false,false,main,JavaScript,0,0,0,true,true,false,2026-02-21T18:37:48Z,2026-02-21T18:37:51Z,https://github.com/yksanjo/agent-infra-data-node-system-deploy-cct,75,high
agent-infra-neuro-chain-service-dev-psn,false,false,main,JavaScript,0,0,0,true,true,false,2026-02-21T18:37:46Z,2026-02-21T18:37:49Z,https://github.com/yksanjo/agent-infra-neuro-chain-service-dev-psn,75,high
agent-infra-nano-sync-connector-cloud-chh,false,false,main,JavaScript,0,0,0,true,true,false,2026-02-21T18:37:39Z,2026-02-21T18:37:42Z,https://github.com/yksanjo/agent-infra-nano-sync-connector-cloud-chh,75,high
agent-infra-edge-stream-handler-ml-ows,false,false,main,JavaScript,0,0,0,true,true,false,2026-02-21T18:37:37Z,2026-02-21T18:37:41Z,https://github.com/yksanjo/agent-infra-edge-stream-handler-ml-ows,75,high
agent-infra-hyper-flow-platform-ops-6bx,false,false,main,JavaScript,0,0,0,true,true,false,2026-02-21T18:37:36Z,2026-02-21T18:37:39Z,https://github.com/yksanjo/agent-infra-hyper-flow-platform-ops-6bx,75,high
agent-infra-data-bridge-scanner-test-sn7,false,false,main,JavaScript,0,0,0,true,true,false,2026-02-21T18:37:34Z,2026-02-21T18:37:37Z,https://github.com/yksanjo/agent-infra-data-bridge-scanner-test-sn7,75,high
agent-infra-quantum-node-platform-iot-6nr,false,false,main,JavaScript,0,0,0,true,true,false,2026-02-21T18:37:32Z,2026-02-21T18:37:36Z,https://github.com/yksanjo/agent-infra-quantum-node-platform-iot-6nr,75,high
agent-infra-micro-quick-connector-batch-sj9,false,false,main,JavaScript,0,0,0,true,true,false,2026-02-21T18:37:31Z,2026-02-21T18:37:34Z,https://github.com/yksanjo/agent-infra-micro-quick-connector-batch-sj9,75,high
agent-infra-data-bridge-handler-dev-xy4,false,false,main,JavaScript,0,0,0,true,true,false,2026-02-21T18:37:29Z,2026-02-21T18:37:32Z,https://github.com/yksanjo/agent-infra-data-bridge-handler-dev-xy4,75,high
agent-infra-meta-gate-orchestrator-dev-i32,false,false,main,JavaScript,0,0,0,true,true,false,2026-02-21T18:37:27Z,2026-02-21T18:37:30Z,https://github.com/yksanjo/agent-infra-meta-gate-orchestrator-dev-i32,75,high
agent-infra-synth-spark-resolver-api-pxo,false,false,main,JavaScript,0,0,0,true,true,false,2026-02-21T18:37:26Z,2026-02-21T18:37:29Z,https://github.com/yksanjo/agent-infra-synth-spark-resolver-api-pxo,75,high
agent-infra-meta-quick-framework-batch-t9c,false,false,main,JavaScript,0,0,0,true,true,false,2026-02-21T18:37:24Z,2026-02-21T18:37:28Z,https://github.com/yksanjo/agent-infra-meta-quick-framework-batch-t9c,75,high
agent-infra-cyber-batch-scanner-run-2ie,false,false,main,JavaScript,0,0,0,true,true,false,2026-02-21T18:37:18Z,2026-02-21T18:37:21Z,https://github.com/yksanjo/agent-infra-cyber-batch-scanner-run-2ie,75,high
agent-infra-hyper-node-platform-ai-8n1,false,false,main,JavaScript,0,0,0,true,true,false,2026-02-21T18:37:16Z,2026-02-21T18:37:19Z,https://github.com/yksanjo/agent-infra-hyper-node-platform-ai-8n1,75,high
agent-infra-macro-core-platform-batch-7a1,false,false,main,JavaScript,0,0,0,true,true,false,2026-02-21T18:37:14Z,2026-02-21T18:37:18Z,https://github.com/yksanjo/agent-infra-macro-core-platform-batch-7a1,75,high
agent-infra-deep-chain-controller-ops-gu0,false,false,main,JavaScript,0,0,0,true,true,false,2026-02-21T18:37:13Z,2026-02-21T18:37:17Z,https://github.com/yksanjo/agent-infra-deep-chain-controller-ops-gu0,75,high
agent-infra-hyper-real-optimizer-run-bzm,false,false,main,JavaScript,0,0,0,true,true,false,2026-02-21T18:37:11Z,2026-02-21T18:37:15Z,https://github.com/yksanjo/agent-infra-hyper-real-optimizer-run-bzm,75,high
agent-infra-neuro-bridge-framework-build-78i,false,false,main,JavaScript,0,0,0,true,true,false,2026-02-21T18:37:10Z,2026-02-21T18:37:13Z,https://github.com/yksanjo/agent-infra-neuro-bridge-framework-build-78i,75,high
agent-infra-cyber-port-framework-realtime-ic3,false,false,main,JavaScript,0,0,0,true,true,false,2026-02-21T18:37:08Z,2026-02-21T18:37:11Z,https://github.com/yksanjo/agent-infra-cyber-port-framework-realtime-ic3,75,high
agent-infra-hyper-fast-framework-ai-xro,false,false,main,JavaScript,0,0,0,true,true,false,2026-02-21T18:37:06Z,2026-02-21T18:37:10Z,https://github.com/yksanjo/agent-infra-hyper-fast-framework-ai-xro,75,high
agent-infra-synth-port-runner-batch-5ln,false,false,main,JavaScript,0,0,0,true,true,false,2026-02-21T18:37:05Z,2026-02-21T18:37:08Z,https://github.com/yksanjo/agent-infra-synth-port-runner-batch-5ln,75,high
agent-infra-tech-stream-scanner-mobile-kya,false,false,main,JavaScript,0,0,0,true,true,false,2026-02-21T18:37:03Z,2026-02-21T18:37:07Z,https://github.com/yksanjo/agent-infra-tech-stream-scanner-mobile-kya,75,high
agent-infra-auto-flux-processor-deploy-1fu,false,false,main,JavaScript,0,0,0,true,true,false,2026-02-21T18:36:56Z,2026-02-21T18:37:00Z,https://github.com/yksanjo/agent-infra-auto-flux-processor-deploy-1fu,75,high
agent-infra-quantum-stream-processor-ops-8op,false,false,main,JavaScript,0,0,0,true,true,false,2026-02-21T18:36:55Z,2026-02-21T18:36:58Z,https://github.com/yksanjo/agent-infra-quantum-stream-processor-ops-8op,75,high
agent-infra-auto-sync-processor-api-3qa,false,false,main,JavaScript,0,0,0,true,true,false,2026-02-21T18:36:53Z,2026-02-21T18:36:57Z,https://github.com/yksanjo/agent-infra-auto-sync-processor-api-3qa,75,high
agent-infra-synth-bridge-platform-batch-2lh,false,false,main,JavaScript,0,0,0,true,true,false,2026-02-21T18:36:52Z,2026-02-21T18:36:56Z,https://github.com/yksanjo/agent-infra-synth-bridge-platform-batch-2lh,75,high
agent-infra-auto-stream-service-realtime-ud4,false,false,main,JavaScript,0,0,0,true,true,false,2026-02-21T18:36:50Z,2026-02-21T18:36:54Z,https://github.com/yksanjo/agent-infra-auto-stream-service-realtime-ud4,75,high
agent-infra-tech-real-service-run-6k7,false,false,main,JavaScript,0,0,0,true,true,false,2026-02-21T18:36:49Z,2026-02-21T18:36:52Z,https://github.com/yksanjo/agent-infra-tech-real-service-run-6k7,75,high
agent-infra-mega-stream-analyzer-web-yk6,false,false,main,JavaScript,0,0,0,true,true,false,2026-02-21T18:36:45Z,2026-02-21T18:36:49Z,https://github.com/yksanjo/agent-infra-mega-stream-analyzer-web-yk6,75,high
agent-infra-smart-batch-handler-ops-p2h,false,false,main,JavaScript,0,0,0,true,true,false,2026-02-21T18:36:43Z,2026-02-21T18:36:47Z,https://github.com/yksanjo/agent-infra-smart-batch-handler-ops-p2h,75,high
agent-infra-ultra-flow-manager-batch-314,false,false,main,JavaScript,0,0,0,true,true,false,2026-02-21T18:36:42Z,2026-02-21T18:36:45Z,https://github.com/yksanjo/agent-infra-ultra-flow-manager-batch-314,75,high
agent-infra-ultra-spark-manager-deploy-xie,false,false,main,JavaScript,0,0,0,true,true,false,2026-02-21T18:36:40Z,2026-02-21T18:36:44Z,https://github.com/yksanjo/agent-infra-ultra-spark-manager-deploy-xie,75,high
agent-infra-edge-core-processor-deploy-cbp,false,false,main,JavaScript,0,0,0,true,true,false,2026-02-21T18:36:34Z,2026-02-21T18:36:37Z,https://github.com/yksanjo/agent-infra-edge-core-processor-deploy-cbp,75,high
agent-infra-edge-flow-optimizer-data-iip,false,false,main,JavaScript,0,0,0,true,true,false,2026-02-21T18:36:32Z,2026-02-21T18:36:35Z,https://github.com/yksanjo/agent-infra-edge-flow-optimizer-data-iip,75,high
agent-infra-mega-flux-system-scale-p67,false,false,main,JavaScript,0,0,0,true,true,false,2026-02-21T18:36:31Z,2026-02-21T18:36:34Z,https://github.com/yksanjo/agent-infra-mega-flux-system-scale-p67,75,high
agent-infra-synth-stream-analyzer-stream-w0m,false,false,main,JavaScript,0,0,0,true,true,false,2026-02-21T18:36:28Z,2026-02-21T18:36:32Z,https://github.com/yksanjo/agent-infra-synth-stream-analyzer-stream-w0m,75,high
agent-infra-micro-mesh-monitor-batch-d3o,false,false,main,JavaScript,0,0,0,true,true,false,2026-02-21T18:36:26Z,2026-02-21T18:36:30Z,https://github.com/yksanjo/agent-infra-micro-mesh-monitor-batch-d3o,75,high
agent-infra-mega-edge-analyzer-test-85u,false,false,main,JavaScript,0,0,0,true,true,false,2026-02-21T18:36:25Z,2026-02-21T18:36:28Z,https://github.com/yksanjo/agent-infra-mega-edge-analyzer-test-85u,75,high
agent-infra-macro-bridge-handler-web-i9q,false,false,main,JavaScript,0,0,0,true,true,false,2026-02-21T18:36:23Z,2026-02-21T18:36:26Z,https://github.com/yksanjo/agent-infra-macro-bridge-handler-web-i9q,75,high
agent-infra-micro-link-resolver-deploy-jyx,false,false,main,JavaScript,0,0,0,true,true,false,2026-02-21T18:36:22Z,2026-02-21T18:36:25Z,https://github.com/yksanjo/agent-infra-micro-link-resolver-deploy-jyx,75,high
agent-infra-cyber-core-system-edge-c9e,false,false,main,JavaScript,0,0,0,true,true,false,2026-02-21T18:36:20Z,2026-02-21T18:36:23Z,https://github.com/yksanjo/agent-infra-cyber-core-system-edge-c9e,75,high
agent-infra-macro-port-optimizer-test-la3,false,false,main,JavaScript,0,0,0,true,true,false,2026-02-21T18:36:18Z,2026-02-21T18:36:22Z,https://github.com/yksanjo/agent-infra-macro-port-optimizer-test-la3,75,high
agent-infra-micro-node-controller-secure-zti,false,false,main,JavaScript,0,0,0,true,true,false,2026-02-21T18:36:10Z,2026-02-21T18:36:13Z,https://github.com/yksanjo/agent-infra-micro-node-controller-secure-zti,75,high
agent-infra-deep-flux-handler-data-pir,false,false,main,JavaScript,0,0,0,true,true,false,2026-02-21T18:36:08Z,2026-02-21T18:36:11Z,https://github.com/yksanjo/agent-infra-deep-flux-handler-data-pir,75,high
agent-infra-auto-fast-system-stream-u2q,false,false,main,JavaScript,0,0,0,true,true,false,2026-02-21T18:36:06Z,2026-02-21T18:36:09Z,https://github.com/yksanjo/agent-infra-auto-fast-system-stream-u2q,75,high
agent-infra-deep-chain-connector-dev-880,false,false,main,JavaScript,0,0,0,true,true,false,2026-02-21T18:36:04Z,2026-02-21T18:36:08Z,https://github.com/yksanjo/agent-infra-deep-chain-connector-dev-880,75,high
agent-infra-synth-fast-processor-realtime-dvo,false,false,main,JavaScript,0,0,0,true,true,false,2026-02-21T18:36:02Z,2026-02-21T18:36:06Z,https://github.com/yksanjo/agent-infra-synth-fast-processor-realtime-dvo,75,high
agent-infra-hyper-flux-optimizer-run-ng5,false,false,main,JavaScript,0,0,0,true,true,false,2026-02-21T18:36:01Z,2026-02-21T18:36:04Z,https://github.com/yksanjo/agent-infra-hyper-flux-optimizer-run-ng5,75,high
agent-infra-cloud-port-analyzer-api-6fq,false,false,main,JavaScript,0,0,0,true,true,false,2026-02-21T18:35:59Z,2026-02-21T18:36:02Z,https://github.com/yksanjo/agent-infra-cloud-port-analyzer-api-6fq,75,high
agent-infra-nano-bridge-service-run-13m,false,false,main,JavaScript,0,0,0,true,true,false,2026-02-21T18:35:57Z,2026-02-21T18:36:00Z,https://github.com/yksanjo/agent-infra-nano-bridge-service-run-13m,75,high
agent-infra-cyber-fast-scanner-ai-op4,false,false,main,JavaScript,0,0,0,true,true,false,2026-02-21T18:35:56Z,2026-02-21T18:35:59Z,https://github.com/yksanjo/agent-infra-cyber-fast-scanner-ai-op4,75,high
agent-infra-cyber-flux-manager-realtime-fmp,false,false,main,JavaScript,0,0,0,true,true,false,2026-02-21T18:35:54Z,2026-02-21T18:35:57Z,https://github.com/yksanjo/agent-infra-cyber-flux-manager-realtime-fmp,75,high
agent-infra-macro-edge-framework-scale-dda,false,false,main,JavaScript,0,0,0,true,true,false,2026-02-21T18:05:04Z,2026-02-21T18:05:08Z,https://github.com/yksanjo/agent-infra-macro-edge-framework-scale-dda,75,high
agent-infra-synth-core-platform-mobile-3vx,false,false,main,JavaScript,0,0,0,true,true,false,2026-02-21T18:05:02Z,2026-02-21T18:05:06Z,https://github.com/yksanjo/agent-infra-synth-core-platform-mobile-3vx,75,high
agent-infra-auto-sync-service-stream-psi,false,false,main,JavaScript,0,0,0,true,true,false,2026-02-21T18:05:01Z,2026-02-21T18:05:04Z,https://github.com/yksanjo/agent-infra-auto-sync-service-stream-psi,75,high
agent-infra-auto-batch-orchestrator-mobile-e4w,false,false,main,JavaScript,0,0,0,true,true,false,2026-02-21T18:04:59Z,2026-02-21T18:05:02Z,https://github.com/yksanjo/agent-infra-auto-batch-orchestrator-mobile-e4w,75,high
agent-infra-nano-real-scanner-test-4nv,false,false,main,JavaScript,0,0,0,true,true,false,2026-02-21T18:04:58Z,2026-02-21T18:05:01Z,https://github.com/yksanjo/agent-infra-nano-real-scanner-test-4nv,75,high
agent-infra-data-port-resolver-cloud-pqt,false,false,main,JavaScript,0,0,0,true,true,false,2026-02-21T18:04:56Z,2026-02-21T18:04:59Z,https://github.com/yksanjo/agent-infra-data-port-resolver-cloud-pqt,75,high
agent-infra-cloud-edge-manager-scale-kzf,false,false,main,JavaScript,0,0,0,true,true,false,2026-02-21T18:04:54Z,2026-02-21T18:04:58Z,https://github.com/yksanjo/agent-infra-cloud-edge-manager-scale-kzf,75,high
agent-infra-neuro-batch-resolver-run-jun,false,false,main,JavaScript,0,0,0,true,true,false,2026-02-21T18:04:53Z,2026-02-21T18:04:56Z,https://github.com/yksanjo/agent-infra-neuro-batch-resolver-run-jun,75,high
agent-infra-deep-quick-worker-edge-b75,false,false,main,JavaScript,0,0,0,true,true,false,2026-02-21T18:04:49Z,2026-02-21T18:04:53Z,https://github.com/yksanjo/agent-infra-deep-quick-worker-edge-b75,75,high
agent-infra-nano-real-scanner-data-rg4,false,false,main,JavaScript,0,0,0,true,true,false,2026-02-21T18:04:48Z,2026-02-21T18:04:51Z,https://github.com/yksanjo/agent-infra-nano-real-scanner-data-rg4,75,high
agent-infra-omni-batch-worker-scale-9sq,false,false,main,JavaScript,0,0,0,true,true,false,2026-02-21T18:04:41Z,2026-02-21T18:04:45Z,https://github.com/yksanjo/agent-infra-omni-batch-worker-scale-9sq,75,high
agent-infra-synth-link-manager-stream-snr,false,false,main,JavaScript,0,0,0,true,true,false,2026-02-21T18:04:38Z,2026-02-21T18:04:41Z,https://github.com/yksanjo/agent-infra-synth-link-manager-stream-snr,75,high
agent-infra-auto-sync-manager-api-4qj,false,false,main,JavaScript,0,0,0,true,true,false,2026-02-21T18:04:37Z,2026-02-21T18:04:40Z,https://github.com/yksanjo/agent-infra-auto-sync-manager-api-4qj,75,high
agent-infra-cyber-real-processor-scale-e43,false,false,main,JavaScript,0,0,0,true,true,false,2026-02-21T18:04:35Z,2026-02-21T18:04:38Z,https://github.com/yksanjo/agent-infra-cyber-real-processor-scale-e43,75,high
agent-infra-omni-flow-scanner-api-31g,false,false,main,JavaScript,0,0,0,true,true,false,2026-02-21T18:04:33Z,2026-02-21T18:04:37Z,https://github.com/yksanjo/agent-infra-omni-flow-scanner-api-31g,75,high
agent-infra-synth-flux-optimizer-dev-qxa,false,false,main,JavaScript,0,0,0,true,true,false,2026-02-21T18:04:32Z,2026-02-21T18:04:36Z,https://github.com/yksanjo/agent-infra-synth-flux-optimizer-dev-qxa,75,high
agent-infra-omni-pulse-scanner-ai-mdn,false,false,main,JavaScript,0,0,0,true,true,false,2026-02-21T18:04:30Z,2026-02-21T18:04:33Z,https://github.com/yksanjo/agent-infra-omni-pulse-scanner-ai-mdn,75,high
agent-infra-hyper-batch-platform-run-s9w,false,false,main,JavaScript,0,0,0,true,true,false,2026-02-21T18:04:28Z,2026-02-21T18:04:31Z,https://github.com/yksanjo/agent-infra-hyper-batch-platform-run-s9w,75,high
agent-infra-nano-fast-engine-secure-swn,false,false,main,JavaScript,0,0,0,true,true,false,2026-02-21T18:04:26Z,2026-02-21T18:04:30Z,https://github.com/yksanjo/agent-infra-nano-fast-engine-secure-swn,75,high
agent-infra-quantum-bridge-framework-mobile-pya,false,false,main,JavaScript,0,0,0,true,true,false,2026-02-21T18:04:25Z,2026-02-21T18:04:28Z,https://github.com/yksanjo/agent-infra-quantum-bridge-framework-mobile-pya,75,high
agent-infra-mega-sync-processor-build-w0m,false,false,main,JavaScript,0,0,0,true,true,false,2026-02-21T18:04:18Z,2026-02-21T18:04:21Z,https://github.com/yksanjo/agent-infra-mega-sync-processor-build-w0m,75,high
agent-infra-nano-core-system-ml-mph,false,false,main,JavaScript,0,0,0,true,true,false,2026-02-21T18:04:16Z,2026-02-21T18:04:20Z,https://github.com/yksanjo/agent-infra-nano-core-system-ml-mph,75,high
agent-infra-data-bridge-engine-build-pen,false,false,main,JavaScript,0,0,0,true,true,false,2026-02-21T18:04:15Z,2026-02-21T18:04:18Z,https://github.com/yksanjo/agent-infra-data-bridge-engine-build-pen,75,high
agent-infra-cloud-mesh-connector-secure-424,false,false,main,JavaScript,0,0,0,true,true,false,2026-02-21T18:04:13Z,2026-02-21T18:04:17Z,https://github.com/yksanjo/agent-infra-cloud-mesh-connector-secure-424,75,high
agent-infra-meta-core-manager-web-lsm,false,false,main,JavaScript,0,0,0,true,true,false,2026-02-21T18:04:12Z,2026-02-21T18:04:15Z,https://github.com/yksanjo/agent-infra-meta-core-manager-web-lsm,75,high
agent-infra-nano-sync-platform-test-d90,false,false,main,JavaScript,0,0,0,true,true,false,2026-02-21T18:04:10Z,2026-02-21T18:04:13Z,https://github.com/yksanjo/agent-infra-nano-sync-platform-test-d90,75,high
agent-infra-ultra-port-optimizer-web-dv6,false,false,main,JavaScript,0,0,0,true,true,false,2026-02-21T18:04:08Z,2026-02-21T18:04:11Z,https://github.com/yksanjo/agent-infra-ultra-port-optimizer-web-dv6,75,high
agent-infra-tech-sync-builder-ops-3mp,false,false,main,JavaScript,0,0,0,true,true,false,2026-02-21T18:04:06Z,2026-02-21T18:04:10Z,https://github.com/yksanjo/agent-infra-tech-sync-builder-ops-3mp,75,high
agent-infra-edge-core-service-mobile-7xi,false,false,main,JavaScript,0,0,0,true,true,false,2026-02-21T18:04:05Z,2026-02-21T18:04:09Z,https://github.com/yksanjo/agent-infra-edge-core-service-mobile-7xi,75,high
agent-infra-cyber-real-manager-edge-or4,false,false,main,JavaScript,0,0,0,true,true,false,2026-02-21T18:04:04Z,2026-02-21T18:04:07Z,https://github.com/yksanjo/agent-infra-cyber-real-manager-edge-or4,75,high
agent-infra-micro-sync-framework-run-kto,false,false,main,JavaScript,0,0,0,true,true,false,2026-02-21T18:03:57Z,2026-02-21T18:04:00Z,https://github.com/yksanjo/agent-infra-micro-sync-framework-run-kto,75,high
agent-infra-data-core-framework-run-ojy,false,false,main,JavaScript,0,0,0,true,true,false,2026-02-21T18:03:55Z,2026-02-21T18:03:59Z,https://github.com/yksanjo/agent-infra-data-core-framework-run-ojy,75,high
agent-infra-neuro-flux-analyzer-dev-syv,false,false,main,JavaScript,0,0,0,true,true,false,2026-02-21T18:03:54Z,2026-02-21T18:03:57Z,https://github.com/yksanjo/agent-infra-neuro-flux-analyzer-dev-syv,75,high
agent-infra-nano-fast-runner-mobile-1zo,false,false,main,JavaScript,0,0,0,true,true,false,2026-02-21T18:03:52Z,2026-02-21T18:03:55Z,https://github.com/yksanjo/agent-infra-nano-fast-runner-mobile-1zo,75,high
agent-infra-quantum-batch-platform-realtime-o0o,false,false,main,JavaScript,0,0,0,true,true,false,2026-02-21T18:03:50Z,2026-02-21T18:03:54Z,https://github.com/yksanjo/agent-infra-quantum-batch-platform-realtime-o0o,75,high
agent-infra-smart-core-builder-mobile-u61,false,false,main,JavaScript,0,0,0,true,true,false,2026-02-21T18:03:49Z,2026-02-21T18:03:52Z,https://github.com/yksanjo/agent-infra-smart-core-builder-mobile-u61,75,high
agent-infra-smart-batch-runner-scale-nau,false,false,main,JavaScript,0,0,0,true,true,false,2026-02-21T18:03:47Z,2026-02-21T18:03:51Z,https://github.com/yksanjo/agent-infra-smart-batch-runner-scale-nau,75,high
agent-infra-data-quick-orchestrator-test-kzk,false,false,main,JavaScript,0,0,0,true,true,false,2026-02-21T18:03:46Z,2026-02-21T18:03:49Z,https://github.com/yksanjo/agent-infra-data-quick-orchestrator-test-kzk,75,high
agent-infra-macro-flow-manager-build-n2h,false,false,main,JavaScript,0,0,0,true,true,false,2026-02-21T18:03:44Z,2026-02-21T18:03:47Z,https://github.com/yksanjo/agent-infra-macro-flow-manager-build-n2h,75,high
agent-infra-data-core-toolkit-stream-iip,false,false,main,JavaScript,0,0,0,true,true,false,2026-02-21T18:03:42Z,2026-02-21T18:03:45Z,https://github.com/yksanjo/agent-infra-data-core-toolkit-stream-iip,75,high
agent-infra-macro-mesh-platform-web-6r5,false,false,main,JavaScript,0,0,0,true,true,false,2026-02-21T18:03:36Z,2026-02-21T18:03:39Z,https://github.com/yksanjo/agent-infra-macro-mesh-platform-web-6r5,75,high
agent-infra-deep-link-toolkit-dev-i2p,false,false,main,JavaScript,0,0,0,true,true,false,2026-02-21T18:03:34Z,2026-02-21T18:03:37Z,https://github.com/yksanjo/agent-infra-deep-link-toolkit-dev-i2p,75,high
agent-infra-data-spark-builder-api-veh,false,false,main,JavaScript,0,0,0,true,true,false,2026-02-21T18:03:33Z,2026-02-21T18:03:36Z,https://github.com/yksanjo/agent-infra-data-spark-builder-api-veh,75,high
agent-infra-quantum-port-platform-deploy-403,false,false,main,JavaScript,0,0,0,true,true,false,2026-02-21T18:03:31Z,2026-02-21T18:03:34Z,https://github.com/yksanjo/agent-infra-quantum-port-platform-deploy-403,75,high
agent-infra-synth-edge-toolkit-realtime-qcq,false,false,main,JavaScript,0,0,0,true,true,false,2026-02-21T18:03:29Z,2026-02-21T18:03:32Z,https://github.com/yksanjo/agent-infra-synth-edge-toolkit-realtime-qcq,75,high
agent-infra-macro-core-connector-dev-zvh,false,false,main,JavaScript,0,0,0,true,true,false,2026-02-21T18:03:28Z,2026-02-21T18:03:31Z,https://github.com/yksanjo/agent-infra-macro-core-connector-dev-zvh,75,high
agent-infra-edge-quick-toolkit-run-xmj,false,false,main,JavaScript,0,0,0,true,true,false,2026-02-21T18:03:26Z,2026-02-21T18:03:30Z,https://github.com/yksanjo/agent-infra-edge-quick-toolkit-run-xmj,75,high
agent-infra-micro-sync-system-mobile-7yt,false,false,main,JavaScript,0,0,0,true,true,false,2026-02-21T18:03:25Z,2026-02-21T18:03:28Z,https://github.com/yksanjo/agent-infra-micro-sync-system-mobile-7yt,75,high
agent-infra-macro-edge-resolver-stream-wz1,false,false,main,JavaScript,0,0,0,true,true,false,2026-02-21T18:03:23Z,2026-02-21T18:03:26Z,https://github.com/yksanjo/agent-infra-macro-edge-resolver-stream-wz1,75,high
agent-infra-tech-edge-platform-realtime-asd,false,false,main,JavaScript,0,0,0,true,true,false,2026-02-21T18:03:21Z,2026-02-21T18:03:25Z,https://github.com/yksanjo/agent-infra-tech-edge-platform-realtime-asd,75,high
agent-infra-auto-port-system-run-6ib,false,false,main,JavaScript,0,0,0,true,true,false,2026-02-21T18:03:15Z,2026-02-21T18:03:18Z,https://github.com/yksanjo/agent-infra-auto-port-system-run-6ib,75,high
agent-infra-data-mesh-system-secure-4wj,false,false,main,JavaScript,0,0,0,true,true,false,2026-02-21T18:03:13Z,2026-02-21T18:03:16Z,https://github.com/yksanjo/agent-infra-data-mesh-system-secure-4wj,75,high
agent-infra-quantum-spark-runner-data-ngt,false,false,main,JavaScript,0,0,0,true,true,false,2026-02-21T18:03:12Z,2026-02-21T18:03:15Z,https://github.com/yksanjo/agent-infra-quantum-spark-runner-data-ngt,75,high
agent-infra-deep-link-toolkit-batch-76k,false,false,main,JavaScript,0,0,0,true,true,false,2026-02-21T18:03:10Z,2026-02-21T18:03:13Z,https://github.com/yksanjo/agent-infra-deep-link-toolkit-batch-76k,75,high
agent-infra-macro-quick-scanner-test-ck4,false,false,main,JavaScript,0,0,0,true,true,false,2026-02-21T18:03:08Z,2026-02-21T18:03:12Z,https://github.com/yksanjo/agent-infra-macro-quick-scanner-test-ck4,75,high
agent-infra-synth-node-toolkit-stream-f0i,false,false,main,JavaScript,0,0,0,true,true,false,2026-02-21T18:03:07Z,2026-02-21T18:03:10Z,https://github.com/yksanjo/agent-infra-synth-node-toolkit-stream-f0i,75,high
agent-infra-cloud-gate-toolkit-stream-487,false,false,main,JavaScript,0,0,0,true,true,false,2026-02-21T18:03:05Z,2026-02-21T18:03:07Z,https://github.com/yksanjo/agent-infra-cloud-gate-toolkit-stream-487,75,high
agent-infra-omni-port-framework-mobile-vw5,false,false,main,JavaScript,0,0,0,true,true,false,2026-02-21T18:02:59Z,2026-02-21T18:03:03Z,https://github.com/yksanjo/agent-infra-omni-port-framework-mobile-vw5,75,high
agent-infra-cognitive-link-service-stream-e3a,false,false,main,JavaScript,0,0,0,true,true,false,2026-02-21T18:02:57Z,2026-02-21T18:03:01Z,https://github.com/yksanjo/agent-infra-cognitive-link-service-stream-e3a,75,high
agent-infra-mega-sync-toolkit-realtime-5gl,false,false,main,JavaScript,0,0,0,true,true,false,2026-02-21T18:02:56Z,2026-02-21T18:02:59Z,https://github.com/yksanjo/agent-infra-mega-sync-toolkit-realtime-5gl,75,high
agent-infra-neuro-gate-system-test-zof,false,false,main,JavaScript,0,0,0,true,true,false,2026-02-21T18:02:49Z,2026-02-21T18:02:52Z,https://github.com/yksanjo/agent-infra-neuro-gate-system-test-zof,75,high
agent-infra-neuro-spark-worker-api-s8a,false,false,main,JavaScript,0,0,0,true,true,false,2026-02-21T18:02:47Z,2026-02-21T18:02:51Z,https://github.com/yksanjo/agent-infra-neuro-spark-worker-api-s8a,75,high
agent-infra-micro-flow-scanner-ops-h7s,false,false,main,JavaScript,0,0,0,true,true,false,2026-02-21T18:02:46Z,2026-02-21T18:02:49Z,https://github.com/yksanjo/agent-infra-micro-flow-scanner-ops-h7s,75,high
agent-infra-hyper-bridge-scanner-stream-vfw,false,false,main,JavaScript,0,0,0,true,true,false,2026-02-21T18:02:44Z,2026-02-21T18:02:48Z,https://github.com/yksanjo/agent-infra-hyper-bridge-scanner-stream-vfw,75,high
agent-infra-data-core-analyzer-cloud-5bp,false,false,main,JavaScript,0,0,0,true,true,false,2026-02-21T18:02:43Z,2026-02-21T18:02:47Z,https://github.com/yksanjo/agent-infra-data-core-analyzer-cloud-5bp,75,high
agent-infra-cloud-bridge-manager-batch-wvo,false,false,main,JavaScript,0,0,0,true,true,false,2026-02-21T18:02:43Z,2026-02-21T18:02:46Z,https://github.com/yksanjo/agent-infra-cloud-bridge-manager-batch-wvo,75,high
agent-infra-data-core-worker-ops-yzn,false,false,main,JavaScript,0,0,0,true,true,false,2026-02-21T18:02:42Z,2026-02-21T18:02:45Z,https://github.com/yksanjo/agent-infra-data-core-worker-ops-yzn,75,high
agent-infra-neuro-node-handler-run-hwa,false,false,main,JavaScript,0,0,0,true,true,false,2026-02-21T18:02:41Z,2026-02-21T18:02:44Z,https://github.com/yksanjo/agent-infra-neuro-node-handler-run-hwa,75,high
agent-infra-synth-quick-framework-dev-qqv,false,false,main,,0,0,0,true,true,false,2026-02-21T18:02:44Z,2026-02-21T18:02:44Z,https://github.com/yksanjo/agent-infra-synth-quick-framework-dev-qqv,65,high
agent-infra-deep-node-system-deploy-14c,false,false,main,JavaScript,0,0,0,true,true,false,2026-02-21T18:02:40Z,2026-02-21T18:02:43Z,https://github.com/yksanjo/agent-infra-deep-node-system-deploy-14c,75,high
agent-infra-omni-port-handler-iot-48u,false,false,main,JavaScript,0,0,0,true,true,false,2026-02-21T18:02:38Z,2026-02-21T18:02:42Z,https://github.com/yksanjo/agent-infra-omni-port-handler-iot-48u,75,high
agent-infra-tech-flux-engine-web-4gf,false,false,main,JavaScript,0,0,0,true,true,false,2026-02-21T18:02:37Z,2026-02-21T18:02:40Z,https://github.com/yksanjo/agent-infra-tech-flux-engine-web-4gf,75,high
agent-infra-quantum-link-framework-ai-0yd,false,false,main,JavaScript,0,0,0,true,true,false,2026-02-21T18:02:35Z,2026-02-21T18:02:39Z,https://github.com/yksanjo/agent-infra-quantum-link-framework-ai-0yd,75,high
agent-infra-tech-spark-optimizer-ai-ldq,false,false,main,JavaScript,0,0,0,true,true,false,2026-02-21T18:02:29Z,2026-02-21T18:02:32Z,https://github.com/yksanjo/agent-infra-tech-spark-optimizer-ai-ldq,75,high
agent-infra-mega-mesh-worker-stream-gju,false,false,main,JavaScript,0,0,0,true,true,false,2026-02-21T18:02:27Z,2026-02-21T18:02:30Z,https://github.com/yksanjo/agent-infra-mega-mesh-worker-stream-gju,75,high
agent-infra-micro-node-monitor-data-u3b,false,false,main,JavaScript,0,0,0,true,true,false,2026-02-21T18:02:25Z,2026-02-21T18:02:28Z,https://github.com/yksanjo/agent-infra-micro-node-monitor-data-u3b,75,high
agent-infra-hyper-core-connector-ai-5zi,false,false,main,JavaScript,0,0,0,true,true,false,2026-02-21T18:02:24Z,2026-02-21T18:02:27Z,https://github.com/yksanjo/agent-infra-hyper-core-connector-ai-5zi,75,high
agent-infra-meta-batch-worker-api-so5,false,false,main,JavaScript,0,0,0,true,true,false,2026-02-21T18:02:22Z,2026-02-21T18:02:26Z,https://github.com/yksanjo/agent-infra-meta-batch-worker-api-so5,75,high
agent-infra-mega-port-service-mobile-wkw,false,false,main,JavaScript,0,0,0,true,true,false,2026-02-21T18:02:21Z,2026-02-21T18:02:24Z,https://github.com/yksanjo/agent-infra-mega-port-service-mobile-wkw,75,high
agent-infra-edge-mesh-runner-api-235,false,false,main,JavaScript,0,0,0,true,true,false,2026-02-21T18:02:19Z,2026-02-21T18:02:23Z,https://github.com/yksanjo/agent-infra-edge-mesh-runner-api-235,75,high
agent-infra-edge-port-builder-data-7uf,false,false,main,JavaScript,0,0,0,true,true,false,2026-02-21T18:02:18Z,2026-02-21T18:02:21Z,https://github.com/yksanjo/agent-infra-edge-port-builder-data-7uf,75,high
agent-infra-neuro-sync-platform-scale-zsw,false,false,main,JavaScript,0,0,0,true,true,false,2026-02-21T18:02:16Z,2026-02-21T18:02:20Z,https://github.com/yksanjo/agent-infra-neuro-sync-platform-scale-zsw,75,high
agent-infra-neuro-fast-worker-run-i3l,false,false,main,JavaScript,0,0,0,true,true,false,2026-02-21T18:02:15Z,2026-02-21T18:02:18Z,https://github.com/yksanjo/agent-infra-neuro-fast-worker-run-i3l,75,high
agent-infra-hyper-gate-orchestrator-api-jtp,false,false,main,JavaScript,0,0,0,true,true,false,2026-02-21T18:02:08Z,2026-02-21T18:02:11Z,https://github.com/yksanjo/agent-infra-hyper-gate-orchestrator-api-jtp,75,high
agent-infra-cyber-gate-engine-batch-juk,false,false,main,JavaScript,0,0,0,true,true,false,2026-02-21T18:02:07Z,2026-02-21T18:02:10Z,https://github.com/yksanjo/agent-infra-cyber-gate-engine-batch-juk,75,high
agent-infra-deep-bridge-runner-deploy-3sz,false,false,main,JavaScript,0,0,0,true,true,false,2026-02-21T18:02:05Z,2026-02-21T18:02:09Z,https://github.com/yksanjo/agent-infra-deep-bridge-runner-deploy-3sz,75,high
agent-infra-tech-fast-controller-secure-0yt,false,false,main,JavaScript,0,0,0,true,true,false,2026-02-21T18:02:03Z,2026-02-21T18:02:07Z,https://github.com/yksanjo/agent-infra-tech-fast-controller-secure-0yt,75,high
agent-infra-deep-fast-optimizer-stream-ntt,false,false,main,JavaScript,0,0,0,true,true,false,2026-02-21T18:02:01Z,2026-02-21T18:02:05Z,https://github.com/yksanjo/agent-infra-deep-fast-optimizer-stream-ntt,75,high
agent-infra-nano-port-runner-cloud-ygc,false,false,main,JavaScript,0,0,0,true,true,false,2026-02-21T18:02:00Z,2026-02-21T18:02:03Z,https://github.com/yksanjo/agent-infra-nano-port-runner-cloud-ygc,75,high
agent-infra-cognitive-node-platform-deploy-n7z,false,false,main,JavaScript,0,0,0,true,true,false,2026-02-21T18:01:58Z,2026-02-21T18:02:02Z,https://github.com/yksanjo/agent-infra-cognitive-node-platform-deploy-n7z,75,high
agent-infra-smart-core-processor-mobile-zvj,false,false,main,JavaScript,0,0,0,true,true,false,2026-02-21T18:01:56Z,2026-02-21T18:02:00Z,https://github.com/yksanjo/agent-infra-smart-core-processor-mobile-zvj,75,high
agent-infra-neuro-wave-toolkit-scale-oat,false,false,main,JavaScript,0,0,0,true,true,false,2026-02-21T18:01:55Z,2026-02-21T18:01:59Z,https://github.com/yksanjo/agent-infra-neuro-wave-toolkit-scale-oat,75,high
agent-infra-deep-mesh-controller-api-al2,false,false,main,JavaScript,0,0,0,true,true,false,2026-02-21T18:01:53Z,2026-02-21T18:01:57Z,https://github.com/yksanjo/agent-infra-deep-mesh-controller-api-al2,75,high
agent-infra-mega-flow-toolkit-run-96l,false,false,main,JavaScript,0,0,0,true,true,false,2026-02-21T18:01:44Z,2026-02-21T18:01:48Z,https://github.com/yksanjo/agent-infra-mega-flow-toolkit-run-96l,75,high
prod-realtime-queue-223,false,false,main,JavaScript,0,0,0,true,true,false,2026-02-21T18:01:43Z,2026-02-21T18:01:46Z,https://github.com/yksanjo/prod-realtime-queue-223,75,high
agent-infra-edge-mesh-controller-realtime-tup,false,false,main,JavaScript,0,0,0,true,true,false,2026-02-21T18:01:42Z,2026-02-21T18:01:46Z,https://github.com/yksanjo/agent-infra-edge-mesh-controller-realtime-tup,75,high
agent-infra-edge-wave-analyzer-scale-778,false,false,main,,0,0,0,true,true,false,2026-02-21T18:01:45Z,2026-02-21T18:01:45Z,https://github.com/yksanjo/agent-infra-edge-wave-analyzer-scale-778,65,high
agent-infra-hyper-stream-engine-api-o51,false,false,main,JavaScript,0,0,0,true,true,false,2026-02-21T18:01:41Z,2026-02-21T18:01:44Z,https://github.com/yksanjo/agent-infra-hyper-stream-engine-api-o51,75,high
agent-infra-cognitive-chain-scanner-scale-ilv,false,false,main,JavaScript,0,0,0,true,true,false,2026-02-21T18:01:39Z,2026-02-21T18:01:42Z,https://github.com/yksanjo/agent-infra-cognitive-chain-scanner-scale-ilv,75,high
agent-infra-meta-spark-engine-build-wt9,false,false,main,JavaScript,0,0,0,true,true,false,2026-02-21T18:01:38Z,2026-02-21T18:01:40Z,https://github.com/yksanjo/agent-infra-meta-spark-engine-build-wt9,75,high
agent-infra-auto-fast-controller-secure-1ev,false,false,main,JavaScript,0,0,0,true,true,false,2026-02-21T18:01:36Z,2026-02-21T18:01:39Z,https://github.com/yksanjo/agent-infra-auto-fast-controller-secure-1ev,75,high
agent-infra-meta-wave-system-dev-m62,false,false,main,JavaScript,0,0,0,true,true,false,2026-02-21T18:01:34Z,2026-02-21T18:01:37Z,https://github.com/yksanjo/agent-infra-meta-wave-system-dev-m62,75,high
agent-infra-omni-gate-engine-dev-akt,false,false,main,JavaScript,0,0,0,true,true,false,2026-02-21T18:01:33Z,2026-02-21T18:01:36Z,https://github.com/yksanjo/agent-infra-omni-gate-engine-dev-akt,75,high
agent-infra-synth-batch-framework-batch-o55,false,false,main,JavaScript,0,0,0,true,true,false,2026-02-21T18:01:26Z,2026-02-21T18:01:30Z,https://github.com/yksanjo/agent-infra-synth-batch-framework-batch-o55,75,high
agent-infra-macro-mesh-scanner-batch-9yb,false,false,main,JavaScript,0,0,0,true,true,false,2026-02-21T18:01:24Z,2026-02-21T18:01:28Z,https://github.com/yksanjo/agent-infra-macro-mesh-scanner-batch-9yb,75,high
agent-infra-mega-node-engine-stream-vrd,false,false,main,JavaScript,0,0,0,true,true,false,2026-02-21T18:01:23Z,2026-02-21T18:01:26Z,https://github.com/yksanjo/agent-infra-mega-node-engine-stream-vrd,75,high
agent-infra-quantum-chain-worker-build-xdq,false,false,main,JavaScript,0,0,0,true,true,false,2026-02-21T18:01:22Z,2026-02-21T18:01:25Z,https://github.com/yksanjo/agent-infra-quantum-chain-worker-build-xdq,75,high
agent-infra-cyber-pulse-toolkit-ops-tsc,false,false,main,JavaScript,0,0,0,true,true,false,2026-02-21T18:01:20Z,2026-02-21T18:01:24Z,https://github.com/yksanjo/agent-infra-cyber-pulse-toolkit-ops-tsc,75,high
agent-infra-synth-gate-worker-ops-unx,false,false,main,JavaScript,0,0,0,true,true,false,2026-02-21T18:01:19Z,2026-02-21T18:01:22Z,https://github.com/yksanjo/agent-infra-synth-gate-worker-ops-unx,75,high
agent-infra-meta-bridge-runner-data-tp7,false,false,main,JavaScript,0,0,0,true,true,false,2026-02-21T18:01:17Z,2026-02-21T18:01:22Z,https://github.com/yksanjo/agent-infra-meta-bridge-runner-data-tp7,75,high
agent-infra-cyber-wave-controller-stream-es6,false,false,main,JavaScript,0,0,0,true,true,false,2026-02-21T18:01:16Z,2026-02-21T18:01:20Z,https://github.com/yksanjo/agent-infra-cyber-wave-controller-stream-es6,75,high
agent-infra-quantum-edge-processor-dev-zsd,false,false,main,JavaScript,0,0,0,true,true,false,2026-02-21T18:01:14Z,2026-02-21T18:01:18Z,https://github.com/yksanjo/agent-infra-quantum-edge-processor-dev-zsd,75,high
agent-infra-omni-stream-handler-test-lqj,false,false,main,JavaScript,0,0,0,true,true,false,2026-02-21T18:01:13Z,2026-02-21T18:01:16Z,https://github.com/yksanjo/agent-infra-omni-stream-handler-test-lqj,75,high
prod-power-queue-485,false,false,main,JavaScript,0,0,0,true,true,false,2026-02-21T18:01:04Z,2026-02-21T18:01:07Z,https://github.com/yksanjo/prod-power-queue-485,75,high
agent-infra-agent-memory-store-003,false,false,main,JavaScript,0,0,0,true,true,false,2026-02-21T18:01:03Z,2026-02-21T18:01:06Z,https://github.com/yksanjo/agent-infra-agent-memory-store-003,75,high
prod-secure-pipeline-233,false,false,main,JavaScript,0,0,0,true,true,false,2026-02-21T18:00:46Z,2026-02-21T18:00:49Z,https://github.com/yksanjo/prod-secure-pipeline-233,75,high
agent-infra-agent-observability-002,false,false,main,JavaScript,0,0,0,true,true,false,2026-02-21T18:00:32Z,2026-02-21T18:00:35Z,https://github.com/yksanjo/agent-infra-agent-observability-002,75,high
prod-safe-stream-449,false,false,main,JavaScript,0,0,0,true,true,false,2026-02-21T18:00:27Z,2026-02-21T18:00:31Z,https://github.com/yksanjo/prod-safe-stream-449,75,high
agent-infra-agent-queue-001,false,false,main,JavaScript,0,0,0,true,true,false,2026-02-21T18:00:00Z,2026-02-21T18:00:03Z,https://github.com/yksanjo/agent-infra-agent-queue-001,75,high
synth-sync-engine-24,false,false,main,TypeScript,0,0,0,true,true,false,2026-02-21T16:09:55Z,2026-02-21T16:09:58Z,https://github.com/yksanjo/synth-sync-engine-24,75,high
synth-sync-analyzer-76,false,false,main,TypeScript,0,0,0,true,true,false,2026-02-21T16:09:48Z,2026-02-21T16:09:51Z,https://github.com/yksanjo/synth-sync-analyzer-76,75,high
synth-port-optimizer-55,false,false,main,TypeScript,0,0,0,true,true,false,2026-02-21T16:09:37Z,2026-02-21T16:09:40Z,https://github.com/yksanjo/synth-port-optimizer-55,75,high
synth-port-optimizer-50,false,false,main,TypeScript,0,0,0,true,true,false,2026-02-21T16:09:33Z,2026-02-21T16:09:37Z,https://github.com/yksanjo/synth-port-optimizer-50,75,high
synth-port-optimizer-37,false,false,main,TypeScript,0,0,0,true,true,false,2026-02-21T16:09:29Z,2026-02-21T16:09:33Z,https://github.com/yksanjo/synth-port-optimizer-37,75,high
synth-mesh-engine-73,false,false,main,TypeScript,0,0,0,true,true,false,2026-02-21T16:09:12Z,2026-02-21T16:09:16Z,https://github.com/yksanjo/synth-mesh-engine-73,75,high
synth-mesh-analyzer-5,false,false,main,TypeScript,0,0,0,true,true,false,2026-02-21T16:09:04Z,2026-02-21T16:09:08Z,https://github.com/yksanjo/synth-mesh-analyzer-5,75,high
synth-link-processor-86,false,false,main,TypeScript,0,0,0,true,true,false,2026-02-21T16:08:57Z,2026-02-21T16:09:00Z,https://github.com/yksanjo/synth-link-processor-86,75,high
synth-link-processor-31,false,false,main,TypeScript,0,0,0,true,true,false,2026-02-21T16:08:53Z,2026-02-21T16:08:57Z,https://github.com/yksanjo/synth-link-processor-31,75,high
synth-link-optimizer-31,false,false,main,TypeScript,0,0,0,true,true,false,2026-02-21T16:08:49Z,2026-02-21T16:08:53Z,https://github.com/yksanjo/synth-link-optimizer-31,75,high
synth-gate-processor-85,false,false,main,TypeScript,0,0,0,true,true,false,2026-02-21T16:08:42Z,2026-02-21T16:08:45Z,https://github.com/yksanjo/synth-gate-processor-85,75,high
synth-gate-processor-17,false,false,main,TypeScript,0,0,0,true,true,false,2026-02-21T16:08:35Z,2026-02-21T16:08:38Z,https://github.com/yksanjo/synth-gate-processor-17,75,high
synth-gate-engine-58,false,false,main,TypeScript,0,0,0,true,true,false,2026-02-21T16:08:24Z,2026-02-21T16:08:27Z,https://github.com/yksanjo/synth-gate-engine-58,75,high
synth-flow-processor-31,false,false,main,TypeScript,0,0,0,true,true,false,2026-02-21T16:08:03Z,2026-02-21T16:08:06Z,https://github.com/yksanjo/synth-flow-processor-31,75,high
synth-flow-platform-50,false,false,main,TypeScript,0,0,0,true,true,false,2026-02-21T16:07:56Z,2026-02-21T16:07:59Z,https://github.com/yksanjo/synth-flow-platform-50,75,high
synth-flow-engine-44,false,false,main,TypeScript,0,0,0,true,true,false,2026-02-21T16:07:51Z,2026-02-21T16:07:54Z,https://github.com/yksanjo/synth-flow-engine-44,75,high
synth-flow-analyzer-99,false,false,main,TypeScript,0,0,0,true,true,false,2026-02-21T16:07:46Z,2026-02-21T16:07:50Z,https://github.com/yksanjo/synth-flow-analyzer-99,75,high
synth-data-processor-42,false,false,main,TypeScript,0,0,0,true,true,false,2026-02-21T16:07:42Z,2026-02-21T16:07:45Z,https://github.com/yksanjo/synth-data-processor-42,75,high
synth-data-platform-51,false,false,main,TypeScript,0,0,0,true,true,false,2026-02-21T16:07:36Z,2026-02-21T16:07:40Z,https://github.com/yksanjo/synth-data-platform-51,75,high
synth-data-analyzer-65,false,false,main,TypeScript,0,0,0,true,true,false,2026-02-21T16:07:32Z,2026-02-21T16:07:35Z,https://github.com/yksanjo/synth-data-analyzer-65,75,high
synth-chain-service-9,false,false,main,TypeScript,0,0,0,true,true,false,2026-02-21T16:07:27Z,2026-02-21T16:07:31Z,https://github.com/yksanjo/synth-chain-service-9,75,high
synth-chain-service-77,false,false,main,TypeScript,0,0,0,true,true,false,2026-02-21T16:07:22Z,2026-02-21T16:07:26Z,https://github.com/yksanjo/synth-chain-service-77,75,high
synth-chain-service-60,false,false,main,TypeScript,0,0,0,true,true,false,2026-02-21T16:07:18Z,2026-02-21T16:07:22Z,https://github.com/yksanjo/synth-chain-service-60,75,high
synth-chain-service-54,false,false,main,TypeScript,0,0,0,true,true,false,2026-02-21T16:07:14Z,2026-02-21T16:07:17Z,https://github.com/yksanjo/synth-chain-service-54,75,high
synth-chain-processor-22,false,false,main,TypeScript,0,0,0,true,true,false,2026-02-21T16:07:09Z,2026-02-21T16:07:13Z,https://github.com/yksanjo/synth-chain-processor-22,75,high
synth-chain-processor-0,false,false,main,TypeScript,0,0,0,true,true,false,2026-02-21T16:07:04Z,2026-02-21T16:07:07Z,https://github.com/yksanjo/synth-chain-processor-0,75,high
synth-chain-platform-77,false,false,main,TypeScript,0,0,0,true,true,false,2026-02-21T16:07:00Z,2026-02-21T16:07:03Z,https://github.com/yksanjo/synth-chain-platform-77,75,high
synth-chain-platform-59,false,false,main,TypeScript,0,0,0,true,true,false,2026-02-21T16:06:56Z,2026-02-21T16:06:59Z,https://github.com/yksanjo/synth-chain-platform-59,75,high
synth-bridge-service-2,false,false,main,TypeScript,0,0,0,true,true,false,2026-02-21T16:06:52Z,2026-02-21T16:06:55Z,https://github.com/yksanjo/synth-bridge-service-2,75,high
synth-bridge-service-10,false,false,main,TypeScript,0,0,0,true,true,false,2026-02-21T16:06:48Z,2026-02-21T16:06:51Z,https://github.com/yksanjo/synth-bridge-service-10,75,high
synth-bridge-platform-31,false,false,main,TypeScript,0,0,0,true,true,false,2026-02-21T16:06:44Z,2026-02-21T16:06:48Z,https://github.com/yksanjo/synth-bridge-platform-31,75,high
synth-bridge-optimizer-3,false,false,main,TypeScript,0,0,0,true,true,false,2026-02-21T16:06:39Z,2026-02-21T16:06:43Z,https://github.com/yksanjo/synth-bridge-optimizer-3,75,high
synth-bridge-engine-94,false,false,main,TypeScript,0,0,0,true,true,false,2026-02-21T16:06:35Z,2026-02-21T16:06:39Z,https://github.com/yksanjo/synth-bridge-engine-94,75,high
smart-sync-service-86,false,false,main,TypeScript,0,0,0,true,true,false,2026-02-21T16:06:30Z,2026-02-21T16:06:34Z,https://github.com/yksanjo/smart-sync-service-86,75,high
smart-sync-service-5,false,false,main,TypeScript,0,0,0,true,true,false,2026-02-21T16:06:26Z,2026-02-21T16:06:30Z,https://github.com/yksanjo/smart-sync-service-5,75,high
smart-sync-processor-89,false,false,main,TypeScript,0,0,0,true,true,false,2026-02-21T16:06:22Z,2026-02-21T16:06:25Z,https://github.com/yksanjo/smart-sync-processor-89,75,high
smart-sync-processor-65,false,false,main,TypeScript,0,0,0,true,true,false,2026-02-21T16:06:18Z,2026-02-21T16:06:21Z,https://github.com/yksanjo/smart-sync-processor-65,75,high
smart-sync-processor-49,false,false,main,TypeScript,0,0,0,true,true,false,2026-02-21T16:06:13Z,2026-02-21T16:06:16Z,https://github.com/yksanjo/smart-sync-processor-49,75,high
smart-sync-analyzer-73,false,false,main,TypeScript,0,0,0,true,true,false,2026-02-21T16:06:08Z,2026-02-21T16:06:12Z,https://github.com/yksanjo/smart-sync-analyzer-73,75,high
smart-port-service-93,false,false,main,TypeScript,0,0,0,true,true,false,2026-02-21T16:06:04Z,2026-02-21T16:06:08Z,https://github.com/yksanjo/smart-port-service-93,75,high
smart-port-processor-72,false,false,main,TypeScript,0,0,0,true,true,false,2026-02-21T16:06:00Z,2026-02-21T16:06:04Z,https://github.com/yksanjo/smart-port-processor-72,75,high
smart-port-processor-67,false,false,main,TypeScript,0,0,0,true,true,false,2026-02-21T16:05:55Z,2026-02-21T16:05:59Z,https://github.com/yksanjo/smart-port-processor-67,75,high
smart-mesh-service-74,false,false,main,TypeScript,0,0,0,true,true,false,2026-02-21T16:05:50Z,2026-02-21T16:05:54Z,https://github.com/yksanjo/smart-mesh-service-74,75,high
smart-mesh-processor-66,false,false,main,TypeScript,0,0,0,true,true,false,2026-02-21T16:05:46Z,2026-02-21T16:05:50Z,https://github.com/yksanjo/smart-mesh-processor-66,75,high
smart-mesh-platform-94,false,false,main,TypeScript,0,0,0,true,true,false,2026-02-21T16:05:42Z,2026-02-21T16:05:45Z,https://github.com/yksanjo/smart-mesh-platform-94,75,high
smart-mesh-platform-51,false,false,main,TypeScript,0,0,0,true,true,false,2026-02-21T16:05:37Z,2026-02-21T16:05:41Z,https://github.com/yksanjo/smart-mesh-platform-51,75,high
